[{
    "fName": "Barry",   
    "lName": "Nelson",
    "years": 1954,
    "picURL": "https://images-na.ssl-images-amazon.com/images/M/MV5BMTU2NjU1NzM2NV5BMl5BanBnXkFtZTcwMjM3NTMxOA@@._V1_UY317_CR19,0,214,317_AL_.jpg",
    "imdbURL": "http://www.imdb.com/name/nm0625167/"
},
{
    "fName": "Sean", 
    "lName": "Connery", 
    "years": 1967, 
    "picURL": "https://images-na.ssl-images-amazon.com/images/M/MV5BMzcwNTM4MzctYjQzMi00NTA2LTljYWItNTYzNmE1MTYxN2RlXkEyXkFqcGdeQXVyMDI2NDg0NQ@@._V1_UY317_CR16,0,214,317_AL_.jpg",
    "imdbURL": "http://www.imdb.com/name/nm0000125/"
},
{
    "fName": "Roger",                       
    "lName": "Moore",
    "years": 1964,
    "picURL": "https://images-na.ssl-images-amazon.com/images/M/MV5BMTQ3Njg5MDkxNl5BMl5BanBnXkFtZTYwNjczMzU0._V1_UY317_CR1,0,214,317_AL_.jpg",
    "imdbURL": "http://www.imdb.com/name/nm0000549/"
},
{
    "fName": "David",
    "lName": "Niven",
    "years": 1967,
    "picURL":  "https://images-na.ssl-images-amazon.com/images/M/MV5BNTU3NzU3NjIyNF5BMl5BanBnXkFtZTcwNDUxMTMyNA@@._V1_UY317_CR20,0,214,317_AL_.jpg",
    "imdbURL":  "http://www.imdb.com/name/nm0000057/"
},
{
    "fName": "George",    
    "lName": "Lazenby",
    "years": 1969,
    "picURL": "https://images-na.ssl-images-amazon.com/images/M/MV5BMTQyMTI4OTMyNV5BMl5BanBnXkFtZTcwMTkyMzY0NA@@._V1_UY317_CR133,0,214,317_AL_.jpg",
    "imdbURL": "http://www.imdb.com/name/nm0493872/"
},
{
    "fName": "Timothy",
    "lName": "Dalton",
    "years": 1989,
    "picURL": "https://images-na.ssl-images-amazon.com/images/M/MV5BNDE5NDA1OTA4NV5BMl5BanBnXkFtZTcwMDE3NDk0NA@@._V1_UX214_CR0,0,214,317_AL_.jpg",
    "imdbURL": "http://www.imdb.com/name/nm0001096/"
},
{
    "fName": "Pierce",
    "lName":  "Brosnan", 
    "years":  2002,
    "picURL": "https://images-na.ssl-images-amazon.com/images/M/MV5BMTMwMjMxNzM4OV5BMl5BanBnXkFtZTcwNDM5NzkxMw@@._V1_UY317_CR9,0,214,317_AL_.jpg",
    "imdbURL":  "http://www.imdb.com/name/nm0000112/"
},
{
    "fName": "Daniel",
    "lName":  "Craig",
    "years":  2012,
    "picURL":  "https://images-na.ssl-images-amazon.com/images/M/MV5BMjEzMjk4NDU4MF5BMl5BanBnXkFtZTcwMDMyNjQzMg@@._V1_UX214_CR0,0,214,317_AL_.jpg",
    "imdbURL":  "http://www.imdb.com/name/nm0185819/"
}]
